Experimental,proportion
False,0.7041903771425481
NA,0.293103073828347
True,0.0027065490291049293
