human_pathogen,proportion
False,0.16536707238266873
True,0.8346329276173312
