Surveillance,proportion
True,0.41848984808494755
NA,0.2955506464779827
False,0.28595950543706977
